ID,State,City,Security_Grade,Terrain_Description,Terrain_high,Terrain_hilly,Terrain_flat,Favorable_Influences,Detrimental_Influences,detriment_far_city,detriment_far_stores,detriment_far_schools,detriment_far_bus,detriment_far_church,detriment_lack_police_fire,detriment_close_rr,INHABITANTS_Type,InhType_business,InhType_clerical,InhType_professional,InhType_mechanics,InhType_retired,InhType_gov,InhType_white_collar,InhType_labor,InhType_railroad,InhType_mixture,INHABITANTS_Annual_Income,Median_Income,INHABITANTS_Foreignborn,INHABITANTS_F,INHABITANTS_Negro,INHABITANTS_N,INHABITANTS_Infiltration,Infiltration_Normalized,Ten_Fifteen_Desirability,Desirability_Normalized,Remarks
1,Connecticut,Hamden,A,High ridgeland.,1,0,0,Extremely attractive location.,"None, save distance from city",1,0,0,0,0,0,0,Execs & professional,1,0,1,0,0,0,0,0,0,0,"7,500 & up",7500,None,0.00,None,0.00,None,None,Stable,Static,"This is an exceptionally fine residential area containing nothing but large, expensive homes on extensive plots. The latter are well landscaped and there is a distinct pride of ownership in evidence. Mortgage lenders favor this area because of the stability of the owners, but the market for such propoerties is almost nil. "
2,Connecticut,Hamden,A,"High, rolling land.",1,1,0,Attractiveness of development and convenience of location.,Somewhat unattractive outlook together with lack of sewers and stores.,0,1,0,0,0,0,0,Minor executives and college professors,1,0,1,0,0,0,0,0,0,0,5M & up,5000000,None,0.00,None,0.00,None,None,Stable,Static,"This is a new, speculative development of moderately sized homes and lots, of which the only vacancies are those remaining unsold. Architecture is very pleasing and pride of ownership is excellent. Vacant hillside land separates this form less desirable area to the southwest. There is competition among lenders to place money in this location. "
3,Connecticut,North Haven,A,Hillside land sloping to the lake,0,1,0,Attractiveness of Location,Distance from center of city,1,0,0,0,0,0,0,Business & professional,1,0,1,0,0,0,0,0,0,0,"3,000",3000,None,0.00,None,0.00,None,None,Stable,Static,"This is a very desirable, residential section. Whereas some are of fair size the majority of homes are both modest and modern. Plots, in proportion to dwellings, are well landscaped and cared for. Larger homes almost never appear in the rental market. It is considered to be a good area for mortage money"
4,Connecticut,North Haven,A,High ridgeland,1,0,0,Extremely attractive location.,"None, save distance from city",1,0,0,0,0,0,0,Execs & professional,1,0,1,0,0,0,0,0,0,0,"$7,500 & up",7500,None,0.00,None,0.00,None,None,Stable,Static,"This is an Exceptionally fine residential area containing nothing but large, expensive homes on extensive plots. The latter are well landscaped and there is a distinct pride of ownership in evidence. Mortgage lenders favor this area because of the stability of the owners, but the market for such properties is almost nil. "
5,Connecticut,Hamden,A,Hillside land sloping to the lake.,0,1,0,Attractiveness of location.,Distance from center of city.,1,0,0,0,0,0,0,Business & professional,1,0,1,0,0,0,0,0,0,0,"3,00",300,None,0.00,None,0.00,None,None,Stable,Static,"This is a very desirable, residential section. Whereas some are of fair size the majority of homes are both modest and modern. Plots, in proportion to dwellings, are well landscaped and cared for. Larger homes almost never appear in the rental market. It is considered to be a good area for mortgage money."
6,Florida,St. Petersburg,A,Known as Small Isle. Land is level and partly filled in. (Artificially made by pumping sand in from the bay). Well landscaped and good growth of trees,0,0,1,"Zoned for residential and highly restricted. Near exclusive golf course; good scenic features (overlooking Tampa Bay). Desirable water fraontage. Street car and bus service to Isle (used principally by servants). Schools, churches and community business centers about q mile distant. All streets paved.",Heavy weed growth on vancant lots during summer.,0,0,0,0,0,0,0,Business men and executives; retired business men and professional men,1,0,1,0,1,0,0,0,0,0,"$10,000-$50,000",30000,None,0.00,None,0.00,None,None,Upward,Improving,"About 25 houses in the area. Immediately adjoining this area east is another about the same size consisting of artificially made land which has been landscaped, streets paved, and is repe for future park development. Good residential area although at the present time no houses have been erected"
7,Florida,St. Petersburg,A,"Northern portion of area called Granada Terrace; remainder known as North Shore Drive. Land is level, with some of same filled in (artificially made land).",0,0,1,"Near exclusive golf course; good scenic features overlooking Tampa Bay/ Dersirable water frontage/ Street car and bus service through area to Shell Island for servants. Zoned for residential and highly restricted. Schools, churches, and community business centers about one mile distant. All streets paved. ",Heavy weed growth on vancant lots during summer.,0,0,0,0,0,0,0,Executives and business men; retired business and professional men.,1,0,1,0,1,0,0,0,0,0,"$3000 - $50,000",26500,None,0.00,None,0.00,None,None,Upward,Improving,"About 100 houses in this section. Wide range of family income in the area is due to the fact that quite a few wealthy families live in the area; some of these families are local people, while others are out of State residents who own homes in the area and occumpy same during the winter season"
8,Florida,St. Petersburg,A,Known as Allendale. Slightly rolling,0,1,0,Street car line to edge of area (used principally by servants). Zoned for residential and highly restricted. Methodist Church in area. All streets paved. Well Landscaped,"Distance from center of city (3 miles). Surrounded by cheap type of property, occupied by mediocre type of inhabitants. Area has poor outlook to north and east. Heavy weed growth on vacant lots during summer. Poor approach to are.",1,0,0,0,0,0,1,Executives and business men; retired business and professional men.,1,0,1,0,1,0,0,0,0,0,"$4,000 - 50,000",27000,None,0.00,None,0.00,None,None,,,
9,Georgia,Columbus,A,"Principal subdivisions are known as Peacock Woods (A-1); Dinglewood (A-2); best portion of Woodcrest (A-3); and best portion of Overlook (A-4). A-4 is outside of city limits. Land is rolling in all areas except A-4, which is practically level.",0,1,1,"Lots are nicely landscaped, all streets paved except in A-4. A-1 has extremely large lots with rigid building restrictions, while the other areas have good good-size lots and good buiding restrictions. All areas except A-4 are conveniently located to schools, parks, and have good bus transportation facilities. All utilities are in all areas and all are conveniently located to community business section.",A-4 is inconveniently located to schools and bus transportation.,0,0,0,1,0,0,0,"Executive, retired business men and professional men",1,0,1,0,1,0,0,0,0,0,"3,000 to 25,000",14000,None,0.00,None,0.00,None,None,Upward,Improving,"A-1 is exclusive residential section.  A-1 contains about 15 houses, A-2 about 5, A-3 about 10, and A-4 about 10 making a total of approximately 40 houses in these four areas.  In A-4 on the south side of Edgewood Drive, between Benning Boulevard and Brookwood Avenue, are located one or two properties whose repair condition entitles them to C grade rating."
10,Georgia,Columbus,A,"Principal subdivisions are known as Peacock Woods (A-1); Dinglewood (A-2); best portion of Woodcrest (A-3); and best portion of Overlook (A-4). A-4 is outside of city limits. Land is rolling in all areas except A-4, which is practically level.",0,1,1,"Lots are nicely landscaped, all streets paved except in A-4. A-1 has extremely large lots with rigid building restrictions, while the other areas have good good-size lots and good buiding restrictions. All areas except A-4 are conveniently located to schools, parks, and have good bus transportation facilities. All utilities are in all areas and all are conveniently located to community business section.",A-4 is inconveniently located to schools and bus transportation.,0,0,0,1,0,0,0,"Executive, retired business men and professional men",1,0,1,0,1,0,0,0,0,0,"3,000 to 25,000",14000,None,0.00,None,0.00,None,None,Upward,Improving,"A-1 is exclusive residential section.  A-1 contains about 15 houses, A-2 about 5, A-3 about 10, and A-4 about 10 making a total of approximately 40 houses in these four areas.  In A-4 on the south side of Edgewood Drive, between Benning Boulevard and Brookwood Avenue, are located one or two properties whose repair condition entitles them to C grade rating."
11,Georgia,Columbus,A,"Principal subdivisions are known as Peacock Woods (A-1); Dinglewood (A-2); best portion of Woodcrest (A-3); and best portion of Overlook (A-4). A-4 is outside of city limits. Land is rolling in all areas except A-4, which is practically level.",0,1,1,"Lots are nicely landscaped, all streets paved except in A-4. A-1 has extremely large lots with rigid building restrictions, while the other areas have good good-size lots and good buiding restrictions. All areas except A-4 are conveniently located to schools, parks, and have good bus transportation facilities. All utilities are in all areas and all are conveniently located to community business section.",A-4 is inconveniently located to schools and bus transportation.,0,0,0,1,0,0,0,"Executive, retired business men and professional men",1,0,1,0,1,0,0,0,0,0,"3,000 to 25,000",14000,None,0.00,None,0.00,None,None,Upward,Improving,"A-1 is exclusive residential section.  A-1 contains about 15 houses, A-2 about 5, A-3 about 10, and A-4 about 10 making a total of approximately 40 houses in these four areas.  In A-4 on the south side of Edgewood Drive, between Benning Boulevard and Brookwood Avenue, are located one or two properties whose repair condition entitles them to C grade rating."
12,Georgia,Columbus,A,"Principal subdivisions are known as Peacock Woods (A-1); Dinglewood (A-2); best portion of Woodcrest (A-3); and best portion of Overlook (A-4). A-4 is outside of city limits. Land is rolling in all areas except A-4, which is practically level.",0,1,1,"Lots are nicely landscaped, all streets paved except in A-4. A-1 has extremely large lots with rigid building restrictions, while the other areas have good good-size lots and good buiding restrictions. All areas except A-4 are conveniently located to schools, parks, and have good bus transportation facilities. All utilities are in all areas and all are conveniently located to community business section.",A-4 is inconveniently located to schools and bus transportation.,0,0,0,1,0,0,0,"Executive, retired business men and professional men",1,0,1,0,1,0,0,0,0,0,"3,000 to 25,000",14000,None,0.00,None,0.00,None,None,Upward,Improving,"A-1 is exclusive residential section.  A-1 contains about 15 houses, A-2 about 5, A-3 about 10, and A-4 about 10 making a total of approximately 40 houses in these four areas.  In A-4 on the south side of Edgewood Drive, between Benning Boulevard and Brookwood Avenue, are located one or two properties whose repair condition entitles them to C grade rating."
13,Georgia,Columbus,B,"Principal subdivisions are Rock Park, Wynton Heights, and Boulevard Terrace (B-1); Wildwood Circle and remaining portion of Woodcrest (B-3); Wynton south of Macon Road, Oakview, and remaining portion of Overlook (B-2); Weracoba Heights (B-4); St. Elmo (B-5); Cherokee Heights (B-6). Land is these areas is rolling and hilly, except in B-2 and B-5, where the land is level and sloping",0,1,1,"All public utilities in. About 60% streets paved. All areas zoned and restricted. Proximity of the areas to schools, parks, play-grounds, and commmunity business centers. All areas except B-3 and B-6 have adequate bus transportation.","B-6 is adversely affected because of distance from schools, churches, buses, and community centers.",0,0,1,1,1,0,0,"Business, professional, and skilled mechanics",1,0,1,1,0,0,0,0,0,0,"1,200 to 10,000",5600,None,0.00,None,0.00,None,None,Static,Static,"B-1 has about 40 houses; B-2 about 50; B-3 about 50; B-4 about 100; B-5 about 150; B-6 about 10, making a total of approximately 400 houses in these 6 areas. Jumping of a color grade along the southwestern boundary of B-2 (Blue to red) is explained by the fact that this portion of B-2 is on the top of a high hill which drops off abruptly to the adjoining negro property (d-4) below the crest of the hill.  There is one large multiple unit apartment house in B-3.  In the southeastern section of B-2, along both sides of Buena Vista Road, beginnign at Brown Avenue and extending about 2 blocks west, are a group of properties whose poor repair condition places same in the D classification, instead of B as shown by the map; also in this same area on the northeast corner of Edgewood Drive and Benning Boulevard are one or two large properties which should be classified as C grade property. In B-3 from 16th to 17th Streets east of Wildwood Avenue, are several large old properties which should be classified as C grade property"
14,Georgia,Columbus,B,"Principal subdivisions are Rock Park, Wynton Heights, and Boulevard Terrace (B-1); Wildwood Circle and remaining portion of Woodcrest (B-3); Wynton south of Macon Road, Oakview, and remaining portion of Overlook (B-2); Weracoba Heights (B-4); St. Elmo (B-5); Cherokee Heights (B-6). Land is these areas is rolling and hilly, except in B-2 and B-5, where the land is level and sloping",0,1,1,"All public utilities in. About 60% streets paved. All areas zoned and restricted. Proximity of the areas to schools, parks, play-grounds, and commmunity business centers. All areas except B-3 and B-6 have adequate bus transportation.","B-6 is adversely affected because of distance from schools, churches, buses, and community centers.",0,0,1,1,1,0,0,"Business, professional, and skilled mechanics",1,0,1,1,0,0,0,0,0,0,"1,200 to 10,000",5600,None,0.00,None,0.00,None,None,Static,Static,"B-1 has about 40 houses; B-2 about 50; B-3 about 50; B-4 about 100; B-5 about 150; B-6 about 10, making a total of approximately 400 houses in these 6 areas. Jumping of a color grade along the southwestern boundary of B-2 (Blue to red) is explained by the fact that this portion of B-2 is on the top of a high hill which drops off abruptly to the adjoining negro property (d-4) below the crest of the hill.  There is one large multiple unit apartment house in B-3.  In the southeastern section of B-2, along both sides of Buena Vista Road, beginnign at Brown Avenue and extending about 2 blocks west, are a group of properties whose poor repair condition places same in the D classification, instead of B as shown by the map; also in this same area on the northeast corner of Edgewood Drive and Benning Boulevard are one or two large properties which should be classified as C grade property. In B-3 from 16th to 17th Streets east of Wildwood Avenue, are several large old properties which should be classified as C grade property"
15,Georgia,Columbus,B,"Principal subdivisions are Rock Park, Wynton Heights, and Boulevard Terrace (B-1); Wildwood Circle and remaining portion of Woodcrest (B-3); Wynton south of Macon Road, Oakview, and remaining portion of Overlook (B-2); Weracoba Heights (B-4); St. Elmo (B-5); Cherokee Heights (B-6). Land is these areas is rolling and hilly, except in B-2 and B-5, where the land is level and sloping",0,1,1,"All public utilities in. About 60% streets paved. All areas zoned and restricted. Proximity of the areas to schools, parks, play-grounds, and commmunity business centers. All areas except B-3 and B-6 have adequate bus transportation.","B-6 is adversely affected because of distance from schools, churches, buses, and community centers.",0,0,1,1,1,0,0,"Business, professional, and skilled mechanics",1,0,1,1,0,0,0,0,0,0,"1,200 to 10,000",5600,None,0.00,None,0.00,None,None,Static,Static,"B-1 has about 40 houses; B-2 about 50; B-3 about 50; B-4 about 100; B-5 about 150; B-6 about 10, making a total of approximately 400 houses in these 6 areas. Jumping of a color grade along the southwestern boundary of B-2 (Blue to red) is explained by the fact that this portion of B-2 is on the top of a high hill which drops off abruptly to the adjoining negro property (d-4) below the crest of the hill.  There is one large multiple unit apartment house in B-3.  In the southeastern section of B-2, along both sides of Buena Vista Road, beginnign at Brown Avenue and extending about 2 blocks west, are a group of properties whose poor repair condition places same in the D classification, instead of B as shown by the map; also in this same area on the northeast corner of Edgewood Drive and Benning Boulevard are one or two large properties which should be classified as C grade property. In B-3 from 16th to 17th Streets east of Wildwood Avenue, are several large old properties which should be classified as C grade property"
16,Georgia,Columbus,B,"Principal subdivisions are Rock Park, Wynton Heights, and Boulevard Terrace (B-1); Wildwood Circle and remaining portion of Woodcrest (B-3); Wynton south of Macon Road, Oakview, and remaining portion of Overlook (B-2); Weracoba Heights (B-4); St. Elmo (B-5); Cherokee Heights (B-6). Land is these areas is rolling and hilly, except in B-2 and B-5, where the land is level and sloping",0,1,1,"All public utilities in. About 60% streets paved. All areas zoned and restricted. Proximity of the areas to schools, parks, play-grounds, and commmunity business centers. All areas except B-3 and B-6 have adequate bus transportation.","B-6 is adversely affected because of distance from schools, churches, buses, and community centers.",0,0,1,1,1,0,0,"Business, professional, and skilled mechanics",1,0,1,1,0,0,0,0,0,0,"1,200 to 10,000",5600,None,0.00,None,0.00,None,None,Static,Static,"B-1 has about 40 houses; B-2 about 50; B-3 about 50; B-4 about 100; B-5 about 150; B-6 about 10, making a total of approximately 400 houses in these 6 areas. Jumping of a color grade along the southwestern boundary of B-2 (Blue to red) is explained by the fact that this portion of B-2 is on the top of a high hill which drops off abruptly to the adjoining negro property (d-4) below the crest of the hill.  There is one large multiple unit apartment house in B-3.  In the southeastern section of B-2, along both sides of Buena Vista Road, beginnign at Brown Avenue and extending about 2 blocks west, are a group of properties whose poor repair condition places same in the D classification, instead of B as shown by the map; also in this same area on the northeast corner of Edgewood Drive and Benning Boulevard are one or two large properties which should be classified as C grade property. In B-3 from 16th to 17th Streets east of Wildwood Avenue, are several large old properties which should be classified as C grade property"
17,Georgia,Columbus,B,"Principal subdivisions are Rock Park, Wynton Heights, and Boulevard Terrace (B-1); Wildwood Circle and remaining portion of Woodcrest (B-3); Wynton south of Macon Road, Oakview, and remaining portion of Overlook (B-2); Weracoba Heights (B-4); St. Elmo (B-5); Cherokee Heights (B-6). Land is these areas is rolling and hilly, except in B-2 and B-5, where the land is level and sloping",0,1,1,"All public utilities in. About 60% streets paved. All areas zoned and restricted. Proximity of the areas to schools, parks, play-grounds, and commmunity business centers. All areas except B-3 and B-6 have adequate bus transportation.","B-6 is adversely affected because of distance from schools, churches, buses, and community centers.",0,0,1,1,1,0,0,"Business, professional, and skilled mechanics",1,0,1,1,0,0,0,0,0,0,"1,200 to 10,000",5600,None,0.00,None,0.00,None,None,Static,Static,"B-1 has about 40 houses; B-2 about 50; B-3 about 50; B-4 about 100; B-5 about 150; B-6 about 10, making a total of approximately 400 houses in these 6 areas. Jumping of a color grade along the southwestern boundary of B-2 (Blue to red) is explained by the fact that this portion of B-2 is on the top of a high hill which drops off abruptly to the adjoining negro property (d-4) below the crest of the hill.  There is one large multiple unit apartment house in B-3.  In the southeastern section of B-2, along both sides of Buena Vista Road, beginnign at Brown Avenue and extending about 2 blocks west, are a group of properties whose poor repair condition places same in the D classification, instead of B as shown by the map; also in this same area on the northeast corner of Edgewood Drive and Benning Boulevard are one or two large properties which should be classified as C grade property. In B-3 from 16th to 17th Streets east of Wildwood Avenue, are several large old properties which should be classified as C grade property"
18,Georgia,Columbus,B,"Principal subdivisions are Rock Park, Wynton Heights, and Boulevard Terrace (B-1); Wildwood Circle and remaining portion of Woodcrest (B-3); Wynton south of Macon Road, Oakview, and remaining portion of Overlook (B-2); Weracoba Heights (B-4); St. Elmo (B-5); Cherokee Heights (B-6). Land is these areas is rolling and hilly, except in B-2 and B-5, where the land is level and sloping",0,1,1,"All public utilities in. About 60% streets paved. All areas zoned and restricted. Proximity of the areas to schools, parks, play-grounds, and commmunity business centers. All areas except B-3 and B-6 have adequate bus transportation.","B-6 is adversely affected because of distance from schools, churches, buses, and community centers.",0,0,1,1,1,0,0,"Business, professional, and skilled mechanics",1,0,1,1,0,0,0,0,0,0,"1,200 to 10,000",5600,None,0.00,None,0.00,None,None,Static,Static,"B-1 has about 40 houses; B-2 about 50; B-3 about 50; B-4 about 100; B-5 about 150; B-6 about 10, making a total of approximately 400 houses in these 6 areas. Jumping of a color grade along the southwestern boundary of B-2 (Blue to red) is explained by the fact that this portion of B-2 is on the top of a high hill which drops off abruptly to the adjoining negro property (d-4) below the crest of the hill.  There is one large multiple unit apartment house in B-3.  In the southeastern section of B-2, along both sides of Buena Vista Road, beginnign at Brown Avenue and extending about 2 blocks west, are a group of properties whose poor repair condition places same in the D classification, instead of B as shown by the map; also in this same area on the northeast corner of Edgewood Drive and Benning Boulevard are one or two large properties which should be classified as C grade property. In B-3 from 16th to 17th Streets east of Wildwood Avenue, are several large old properties which should be classified as C grade property"
19,Georgia,Columbus,B,Principal subdivisions in this area are known as Evans Manor and Rosehill Heights.  The land in same is slightly rolling.,0,1,0,"All utilities in. Moderate restrictions.  Play-ground in area and new $300,000 Industrial High School, recently completed, adjoins the area on the eastern side.","Less than 10% of the streets are paved.  Distance from community business centers, main business section of Columbus, and churches.",0,0,0,1,1,0,0,"City employees, skilled mechanics, and clerical workers",0,1,0,1,0,1,0,0,0,0,"900 to 2,400",1650,None,0.00,None,0.00,None,None,"Slightly upward temporarily on account of new school, then static later on",Static,"(a) There are about 40 houses in this area at the present time.  About 30 of same have been built since 1929 and about 10 of this 30 have been completed since Jan. 1, 1937.  In 1929 there were no paved streets in the area, which was then about 3/4 miles distant from adequate bus transportation as well as schools.  Due principally to the erection of the new Industrial High School, the new residential construction in the area is of a higher type than that of the residence originally built in the area and, consequently, demands a better rental price. (b) Generally speaking, insurance companies will not lend in this area, but local individual lenders, building and loan associations , and ""Federals"" will, although at a slightly higher rate than in the other B areas (about 6%)."
20,Georgia,Columbus,C,"Principal subdivisions are the old portion of Wynnton and Old Wynnton Heights.  The land in this area is all high, with some rolling and some level.",1,1,1,"Community business center and restrictions in most of the area, good schools, play-ground and adequate bus transportation.  All utilities in.  About 90% of streets paved.",Distance from churches.  Heavy traffic conditions along Wynnton Road.,0,0,0,0,1,0,0,"Mixed, varying from business executives and professional men to retired Army people.",1,0,1,0,1,0,0,0,0,1,"2,500 to 30,000",16250,None,0.00,None,0.00,None,None,Slightly downward,Declining,"(a) Less than a dozen sales occurred in this area at the low, hence difficult to fix sale values at low.  This area contains heterogeneous and spotted residential property.  Some of the property should receive a B grade, the location of these groups of property are on the north side of Buena Vista Road, in the easter portion of Dinglewood; the eastern side of 16th Avenuue, from Wynnton Road to the alley north of 12th Street; and the northwest corner of Wynnton Road and Peacock Avenue.  Also in this area, on the west side of Britt Avenue, midway between Wynnton Road and Schaul Street, is located the community fire station and a group of Negro rental property adjoining expensive residential property which fronts Wynnton Road."
21,Georgia,Columbus,C,"Principal subdivisions in this area are Britt Addition, East Wynnton, Tate Survey and Wynnton & Blakenship Survey.  The land is practically level.",0,0,1,"Proximity to Wynnton School, playgrounds, churches, and community business center.  All utilities in.  Adequate bus transportation.",Building restrictions only medium.  Only about 20% of the streets are paved.,0,0,0,0,0,0,0,Skilled mechanics and clerical workers,0,1,0,1,0,0,0,0,0,0,"900 to 2,400",1650,None,0.00,None,0.00,None,None,Slightly downward,Declining,"(a)Rental prices did not go lower because of Army people at depression low furnished stronger rental demands than would ordinarily have prevailed.  Most lenders restrict their loans in this area.  At the northeast corner of Lawyer's Lane and Marion STreet are located one or two fine residences which are superior to the other property in the area and deserve a B rating.  Also in this area, on the south side of Wynnton Road, just east of Tate Drive, are a group of Negro houses, with another group located on the east side of Britt Avenue, between Schaul and Marion Streets. On both sides of Francis Street, between Lawyer's Lane and Ada Avenue, are several properties whose repai condition entitles them to a D grade rating."
22,Georgia,Columbus,C,"Principal subdivisions are the eastern portion of East Highlands (C-3); Delaney Place (C-4); Waverly Terrace, and part of Rosehill Heights (C-5); Rosehill (C-6).  The land is partly rolling and partly level, with the majorty level.",0,1,1,"Good schools, churches, play-grounds and bus facilities.  All utilities in.","Lack of zoning and poor building restrictions in C-6; other areas only fair in this respect.  Advanced age and poor repair condition of properties in C-3 to C-6, inclusive.  About 40% of streets paved in these four areas.",0,0,0,0,0,0,0,"Skilled mechanics, city employees, and clerical workers",0,1,0,1,0,1,0,0,0,0,"800 to $2,600",1700,None,0.00,None,0.00,Only in C-3 and 6 of lower income bracket,Poorer Classes,Downward,Declining,"(a) Insurance companies will not lend in these areas and local lenders will only lend on a restricted basis. In C-5 many of the properties located on both sides of 10th Avenue, from 31 to 32 Streets and both sides of 32 Street, from 10th to 11th Avenues, are in such poor repair condition as to rate a D grading.  A similar group of property is located at the northeast and southeast corners of 33rd Street and 12th Avenue.  There is a small business section located at the intersection of River and Hamilton Roads.  In C-6 there is a small business section located on Hamilton Road, from  26th to 29th Streets."
23,Georgia,Columbus,C,"Principal subdivisions are the eastern portion of East Highlands (C-3); Delaney Place (C-4); Waverly Terrace, and part of Rosehill Heights (C-5); Rosehill (C-6).  The land is partly rolling and partly level, with the majorty level.",0,1,1,"Good schools, churches, play-grounds and bus facilities.  All utilities in.","Lack of zoning and poor building restrictions in C-6; other areas only fair in this respect.  Advanced age and poor repair condition of properties in C-3 to C-6, inclusive.  About 40% of streets paved in these four areas.",0,0,0,0,0,0,0,"Skilled mechanics, city employees, and clerical workers",0,1,0,1,0,1,0,0,0,0,"800 to $2,600",1700,None,0.00,None,0.00,Only in C-3 and 6 of lower income bracket,Poorer Classes,Downward,Declining,"(a) Insurance companies will not lend in these areas and local lenders will only lend on a restricted basis. In C-5 many of the properties located on both sides of 10th Avenue, from 31 to 32 Streets and both sides of 32 Street, from 10th to 11th Avenues, are in such poor repair condition as to rate a D grading.  A similar group of property is located at the northeast and southeast corners of 33rd Street and 12th Avenue.  There is a small business section located at the intersection of River and Hamilton Roads.  In C-6 there is a small business section located on Hamilton Road, from  26th to 29th Streets."
24,Georgia,Columbus,C,"Principal subdivisions are the eastern portion of East Highlands (C-3); Delaney Place (C-4); Waverly Terrace, and part of Rosehill Heights (C-5); Rosehill (C-6).  The land is partly rolling and partly level, with the majorty level.",0,1,1,"Good schools, churches, play-grounds and bus facilities.  All utilities in.","Lack of zoning and poor building restrictions in C-6; other areas only fair in this respect.  Advanced age and poor repair condition of properties in C-3 to C-6, inclusive.  About 40% of streets paved in these four areas.",0,0,0,0,0,0,0,"Skilled mechanics, city employees, and clerical workers",0,1,0,1,0,1,0,0,0,0,"800 to $2,600",1700,None,0.00,None,0.00,Only in C-3 and 6 of lower income bracket,Poorer Classes,Downward,Declining,"(a) Insurance companies will not lend in these areas and local lenders will only lend on a restricted basis. In C-5 many of the properties located on both sides of 10th Avenue, from 31 to 32 Streets and both sides of 32 Street, from 10th to 11th Avenues, are in such poor repair condition as to rate a D grading.  A similar group of property is located at the northeast and southeast corners of 33rd Street and 12th Avenue.  There is a small business section located at the intersection of River and Hamilton Roads.  In C-6 there is a small business section located on Hamilton Road, from  26th to 29th Streets."
25,Georgia,Columbus,C,"Principal subdivisions are the eastern portion of East Highlands (C-3); Delaney Place (C-4); Waverly Terrace, and part of Rosehill Heights (C-5); Rosehill (C-6).  The land is partly rolling and partly level, with the majorty level.",0,1,1,"Good schools, churches, play-grounds and bus facilities.  All utilities in.","Lack of zoning and poor building restrictions in C-6; other areas only fair in this respect.  Advanced age and poor repair condition of properties in C-3 to C-6, inclusive.  About 40% of streets paved in these four areas.",0,0,0,0,0,0,0,"Skilled mechanics, city employees, and clerical workers",0,1,0,1,0,1,0,0,0,0,"800 to $2,600",1700,None,0.00,None,0.00,Only in C-3 and 6 of lower income bracket,Poorer Classes,Downward,Declining,"(a) Insurance companies will not lend in these areas and local lenders will only lend on a restricted basis. In C-5 many of the properties located on both sides of 10th Avenue, from 31 to 32 Streets and both sides of 32 Street, from 10th to 11th Avenues, are in such poor repair condition as to rate a D grading.  A similar group of property is located at the northeast and southeast corners of 33rd Street and 12th Avenue.  There is a small business section located at the intersection of River and Hamilton Roads.  In C-6 there is a small business section located on Hamilton Road, from  26th to 29th Streets."
26,Georgia,Macon,A,A-1 is know as Shirley Hills; A-2 known as Stanislaus. A-1 is level; A-2 hilly and rolling. About 35 houses in A-1; 25 in A-2.,0,1,1,"Newest high residential sections; proximity to good schools, churches, playgrounds, and parks. Highly restricted, all utilities in. A-1 has scenic features and about 5 percent of streets paved. Both sections comprised of homes of above average construction, modern, and of the type readily marketable. All streets paved in A-2.",Main line of Central of Georgia Rwy. About 200' in rear of back lots in A-2 is not considered detrimental because track is 40 feet below level of subdivision.,0,0,0,0,0,0,0,"Executives, business and professional men",1,0,1,0,0,0,0,0,0,0,"4,000 - 20,000",12000,None,0.00,None,0.00,None,None,Up,Improving,A-1 is outside the city and has average lots of about 1 acre. Lots in A-2 range from 60 to 100 feet frontage. Both subdivisions were developed about 1927. Red area D-12 is separated from A-2 by railroad in deep cut. Yellow area C-2 is older type property; not as highly restricted as A-2.
27,Georgia,Macon,A,A-1 is know as Shirley Hills; A-2 known as Stanislaus. A-1 is level; A-2 hilly and rolling. About 35 houses in A-1; 25 in A-2.,0,1,1,"Newest high residential sections; proximity to good schools, churches, playgrounds, and parks. Highly restricted, all utilities in. A-1 has scenic features and about 5 percent of streets paved. Both sections comprised of homes of above average construction, modern, and of the type readily marketable. All streets paved in A-2.",Main line of Central of Georgia Rwy. About 200' in rear of back lots in A-2 is not considered detrimental because track is 40 feet below level of subdivision.,0,0,0,0,0,0,0,"Executives, business and professional men",1,0,1,0,0,0,0,0,0,0,"4,000 - 20,000",12000,None,0.00,None,0.00,None,None,Up,Improving,A-1 is outside the city and has average lots of about 1 acre. Lots in A-2 range from 60 to 100 feet frontage. Both subdivisions were developed about 1927. Red area D-12 is separated from A-2 by railroad in deep cut. Yellow area C-2 is older type property; not as highly restricted as A-2.
28,Georgia,Macon,B,"Known as Ingleside, Ingleside Addition, Forsyth Circle, and Roycrest. Level to hilly. About 230 houses in this area. ",0,1,1,"Proximity to good grade schools and community stores. Good bus transportation facilities. Ample park and recreational facilities; good scenic features. Building restrictions range from $3,500 to $5,000. No city taxes.","Septic tanks in Forsythn Cirlce and Roycrest, with special sewer and garbage disposal charges in remainder of area. No paved streets other than Forsyth Road. Distance from high school (3 miles). Outside city, hence not subject to city building inspection; inadequate police and fire protection. Heavy traffic alon Forsyth Road (18' wide).",1,0,1,0,0,1,0,Business men; some executives,1,0,0,0,0,0,0,0,0,0,"2,000 - 7,500",4750,None,0.00,None,0.00,None,None,Static - still desirable.,Static,"Red area D-1, known as Crumps Park comprises a section 100% built up of old homes of cheap construction; city's development began at outskirts of this area D-1 and grew northward with better type of construction predominating. B-1, separated by deep railroad out from red area D-8. There is a small cluster of negro rental units located at end of Auburn Road and Belvedere Drive, along east side of Overlook Avenue. There are a number of one and two-story residences fronting on Vista Circle which would justify a higher rating, were it not for the fact that the general character of the neighborhood tends to give same a lower rating."
29,Georgia,Macon,B,B-2 is known as De Soto Park and B-3 is known as Beverly Place. Land is level and sloping. About 60 houses in B-2; 15 in B-3.,0,1,1,"Good transportation facilities, community stores, grade schools, and churches. B-3 has all utilities in. both areas well restricted. ","Only Vineville Avenue paved in B-2. Special swere and garbage disposal charges in B-2, as well as inadequate fire and police protection. Proximity to railroad, lumber mill and cotton mills (all across tracks). Georgia Academy for Blind near B-2 is not a detriment. 1 as in B-3 have insufficient depth. Heavy traffic on Vineville Avenue. ",0,0,0,0,0,1,1,Executives and business men,1,0,0,0,0,0,0,0,0,0,"2,500 - 6,000",4250,None,0.00,None,0.00,None,None,Static - still desirable,Static,Homes along Texas Avenue in B-2 are not as high type as remainder of area.
30,Georgia,Macon,B,B-2 is known as De Soto Park and B-3 is known as Beverly Place. Land is level and sloping. About 60 houses in B-2; 15 in B-3.,0,1,1,"Good transportation facilities, community stores, grade schools, and churches. B-3 has all utilities in. both areas well restricted. ","Only Vineville Avenue paved in B-2. Special swere and garbage disposal charges in B-2, as well as inadequate fire and police protection. Proximity to railroad, lumber mill and cotton mills (all across tracks). Georgia Academy for Blind near B-2 is not a detriment. 1 as in B-3 have insufficient depth. Heavy traffic on Vineville Avenue. ",0,0,0,0,0,1,1,Executives and business men,1,0,0,0,0,0,0,0,0,0,"2,500 - 6,000",4250,None,0.00,None,0.00,None,None,Static - still desirable,Static,Homes along Texas Avenue in B-2 are not as high type as remainder of area.
31,Georgia,Macon,B,"Known as combination of Bill Davis, Calloway, and English property, plus both sides of Vineville Avenue from Hollow Avenue to Rogers Avenue. From level to sloping. About 200 houses in the area. [Text is approximate due to obstruction]",0,1,1,"Proximity to schools, churches, and community business centers. Good transportation facilities.  All utilities in. ","About 50% of streets paved. Heavy traffic along Vineville Avenue. Built up 100% to city limits. Scattering of older houses in area, not entirely obsolete. Last block of Hines Terrace and Buford Place are low level, subject to overflow after heavy rains. [Text is approximate due to obstruction]",0,0,0,0,0,0,1,"business men, clerical workers and some executives",1,1,0,0,0,0,0,0,0,0,"2,500 - 15,000",8750,None,0.00,None,0.00,None,None,"Stable for next ten years, ten slowly downward, depending upon growth and development of Macon.",Declining,"Predominance of modern type residences influential in giving area stable rating. Negro settlement known as Berthadale (Berthadale) is about 300 yeards east of this area and is far enough removed from B-4 to not exact a detrimental influence on the area; 10 years is maximum term for lenders in this area (60% loans at 6%), except Title II loans, which can be obtained on 80% basis for 20 year term (only new construction). Most of the high class residences and higher income resident are confined to area consisting of both sides of Vineville Road from Rogers Avenue to Stonewell Place. [Text is approximate]"
32,Georgia,Macon,B,Known as Cherokee Heights and Cherokee Gardnes. Mostly rolling slightly level in places. There are about 245 houses in the area.,0,1,1,"Good schools, churches, community centers, playgrounds, transportation facilities. All utilities in. Restricted for home use. ",About 10% of streets paved in Cherokee Heights; none in Cherokee Gardens. Presence of negro houses and mill houes along northeastern protion of area acts as detrimental influence to property located in northeastern section of area. Southern portion of Cherokee Gardens adjoins cheaper grade white property in area D-3.,0,0,0,0,0,0,0,"Business men, clerical workers and skilled mechanics",1,1,0,1,0,0,0,0,0,0,2000 - 4000,3000,None,0.00,None,0.00,lower income group (slight),Poorer Classes,"Stable for next few years, then slowly downward.",Declining,"Cherokee Gardens is newer section than Cherokee Heights and contains houses of less substantial construction, but has greater sales demand at lower than the Cherokee Heights average price level. Cherokee Heights is nearly 100% built up. Sales demand in the area is less than that of any other B area."
33,Georgia,Macon,B,Known as the best section of North Highlands. Land is level and rolling. There are about 115 houses in this area.,0,1,1,"Good scenic features; also good schools, churches, parks, playgrounds, shopping centers, and bus transportation facilities. Readily accessible to downtown area. All utilities in. Restricted solely for home use.",About 20% of streets are paved.,0,0,0,0,0,0,0,Business men and clerical workers,1,1,0,0,0,0,0,0,0,0,"2,500 - 4,000",3250,None,0.00,None,0.00,None,None,Static with slight upward tendency.,Improving,Norther portion of red area D-10 abutting eastern portion of B-5 is undeveloped and probability of utilization for residential purposes rendered remote because of physical contour of terrain (steep bank and open creek).
34,Indiana,Muncie,B,"Flat and high. East end is known as ""Riverside.""",1,0,1,"Most favorable secion of the city except for the ultra-rich. The two large areas in white without marking are forty-acre estates holding homes worth $100,000 each.",,0,0,0,0,0,0,0,Prosperous white collar,0,0,0,0,0,0,1,0,0,0,3000,3000,None,0.00,None,0.00,,,Will hold well.,Improving,
35,Indiana,Muncie,B,"Flat and high. ""Linden Heights"" or ""Neely"".",1,0,1,"Next to area B-1, this is the city's most desirable section. There has been considerable remodeling and new construction.",None,0,0,0,0,0,0,0,"Business men, professional, etc.",1,0,1,0,0,0,0,0,0,0,3000,3000,None,0.00,None,0.00,None,None,Desirable area; should hold up well.,Improving,
36,Indiana,Muncie,B,Flat and high,1,0,1,Thirty feet above the river. Well restricted. Not more than one or two houses valued below $3000.,None,0,0,0,0,0,0,0,Manufacturers and business men,1,0,0,0,0,0,0,0,0,0,3500,3500,None,0.00,None,0.00,None,None,Will stand up well.,Improving,
37,Indiana,Muncie,C,"Flat. Area called ""Westwood"".",0,0,1,"Highly restricted. Homes $25,000 and up.","None of the homes would bring within $10,000 of cost. Limited market for expensive homes in this small city.",0,0,0,0,0,0,0,Manufacturers & wealthy people,1,0,0,0,0,0,0,0,0,0,5000 and up,5000,None,0.00,None,0.00,None,None,,,
38,Indiana,Muncie,C,Flat,0,0,1,None,"Houses very generally do not have flush toilets. Houses are crowded. No sewers. ""Jerry-built""--No basements.",0,0,0,0,0,0,1,Laboring class,0,0,0,0,0,0,0,1,0,0,1000,1000,None,0.00,None,0.00,None,None,"Declining, and probably should be in ""red"", except that it is new. Mortgage money is ",Declining,
39,Illinois,Joliet,A,"Level, clay, gravel and stone.  Rolling land east of Wilcox with many old shade trees.",0,1,1,"Farragut School, and trend of growth in this area, and west. ",None.,0,0,0,0,0,0,0,"Business, professional & clerks",1,1,1,0,0,0,0,0,0,0,2500 - 3000,2750,Mixed,2.00,None,0.00,No,None,Upward,Improving,"Vacant lots are in fair demand in this area.  On Campbell and Wilcox is a brick apartment of 20 units, well kept up.  Around Raynor and Mason are 3 brick apartments from 5-8 units, well kept up.  And there are several 2 unit brick and a few frame interspersed throughout the area.  East of Raynor and south of Western is oldest part of area, and from Prairie west there are no pavements except Western which is paved to Reed St, otherwise area has all utilities.  The western part of area from Reed St. to Midland Ave. between Mayfield and Glenwood has temporary sewers only - reported as being remedied by W.P.A at this time.  There are many _old frame homes_ interspersed throughout the area.  The extreme N.W. section of area if outside city limits.  All sections of area marked undeveloped on the west has no city sewers or water."
40,Illinois,Joliet,B,"Level, clay loam.",0,0,1,None.,Lack of nearby school facilities.,0,0,0,0,0,0,0,"Mixed business, mechanics, and clerical",1,1,0,1,0,0,0,0,0,1,1500 -,1500,Mixed,2.00,None,0.00,No,None,Up,Improving,Outside city limits.  Have local water and sewage system. Bus transportation only fair. Known as Maynor Park.
41,Ohio,Warren,A,Level - few trees in eastern end but beautiful trees in western section.,0,0,1,Attractive planning - adjacent Country Club - best school in city. Transportation (every 30 minutes) by bus.,"No stores convenient, no churches nearby.",0,1,0,0,1,0,0,"Merchants, Professionals, Manufacturers",1,0,1,0,0,0,0,0,0,0,"$5,000 ",5000,None,0.00,None,0.00,No,None,Upward definitely,Improving,Paving assessments were high because unnecessary expense of layout. In some cases the amount of special assessments exceed the price of the lot.
42,Ohio,Warren,B,Level and high,1,0,1,Well planned. Scenic features good. Overlooking Packard Park.,"Churches, stores, schools, not conveniently near.",0,1,0,0,1,0,0,Business & professional,1,0,1,0,0,0,0,0,0,0,3000,3000,None,0.00,None,0.00,No,None,Slowly advancing,Improving,"This area is on the so-called ""west side"" not easy of access and has been slow in developing for that reason."
43,Ohio,Warren,B,Level,0,0,1,School nearby in A-1 area. Transportation through area. Shade trees plentiful.,None,0,0,0,0,0,0,0,Business & professional,1,0,1,0,0,0,0,0,0,0,3000,3000,None,0.00,None,0.00,No,None,Upward slightly,Improving,This is the very best blue section.
44,Ohio,Warren,B,Level,0,0,1,Grade school in area - churches - transportation through the area - bus line. Zoning restrictions.,None,0,0,0,0,0,0,0,Some mill employees Clerical - professional,0,1,1,0,0,0,0,1,0,0,2000,2000,Mixed,5.00,None,0.00,No,None,Static,Static,Lots in this area are of good size. East Junior High School and Warren City Hospital in this area.
45,Ohio,Warren,A,Level,0,0,1,High School in area.  Grade school across street from the area in C-7 (Elm Road School),Fair grounds in center between Atlantic and Woodland Avenue.,0,0,0,0,0,0,0,Clerks - mill employees,0,1,0,0,0,0,0,1,0,0,2500,2500,None,0.00,None,0.00,No,None,Upward,Improving,"In 1929 this section was not so well developed as it is now. Also opening of Genessee Blvd. from E. Market to Elm Road, and of Woodland Avenue _to the Country Club_ has improved values in the area. The expensive homes in this area are generally along Fairmot & Bonnie Brae, Genessee."
46,Ohio,Warren,B,Level,0,0,1,"Close to city fine shade trees, Central Jr. High School in area, churches, nearby shopping centers. Near the High School.  Park adjacent to Perkins Circle.",None,0,0,0,0,0,0,0,Business & executive,1,0,0,0,0,0,0,0,0,0,3500,3500,None,0.00,None,0.00,No,None,Slightly downward,Declining,"Best section of area is at extreme west - Perkins Drive, deserving Grade A but too small to be separate area."
47,Ohio,Warren,B,Level with shade trees.,0,0,1,Adjacent to Packard Park. Roosevelt School in area.,Possible influx of lower grade population from C-6,0,0,0,0,0,0,0,office employees small business men,1,0,0,0,0,0,0,0,0,0,2000,2000,None,0.00,None,0.00,Possible future,Positive Outlook,downward,Declining,about 6 very expensive homes along Nahoning at south end of area.
48,Ohio,Warren,B,Level,0,0,1,"A good residential neighborhood, close to the business center.  Community spirit evident. Double drive up Iddings.  Known as Iddings Park.",None,0,0,0,0,0,0,0,Business & mill officials,1,0,0,0,0,0,0,0,0,0,3000,3000,None,0.00,None,0.00,No,None,May decline slightly,Declining,Slavish Catholic Church just out of the area at the northwest which may have tendency to concentrate Slavish into C-2 and thence into B-7.
49,Ohio,Warren,C,Level,0,0,1,Schools nearby in C-2 and C-7.  Churches conveniently near in C-2.  Walking distance of shopping center.  Shade trees.,Proximity to R.R. and industry on north.,0,0,0,0,0,0,1,Indutrial wage group,0,0,0,0,0,0,0,1,0,0,1500,1500,Mixed,15.00,None,0.00,Italian,Foreigners,Slowly downward,Declining,Sunlight new plant (G.W.) will be built just north of this area.
50,Ohio,Warren,C,Level with slight rise eastward on Market Street.  Slight depression of land along the railroad between Chestnut and Linden.  Near shopping districts and within walking distance of Republic Mill.  Grade School in area.  Churches in area.,0,0,1,,Encroaching business and industry.,0,0,0,1,0,0,0,Mill workers,0,0,0,0,0,0,0,1,0,0,1800,1800,Mixed,40.00,Few on South Street,20.00,No,None,"Residentially down, commercially up.","Residentially downwards, Commercially upwards","Some large houses used as rooming houses along Porter & High Streets. Many owners moved out and rented their houses - holding them for a rise because of business encroaching.  Central Jr. High School in area, also St. Mary's Catholic Church, Elm Road School."
51,Ohio,Warren,C,Level - higher than business district and Mahoning Avenue side of the river.,1,0,1,Some restrictions.  Bus transportation is regular (30 minutes intervals),"No schools, no stores, no churches.  Necessary to cross railroad to go into area.",0,1,0,0,1,0,1,Workers,0,0,0,0,0,0,0,1,0,0,1000,1000,Scattering Hungarian,5.00,None,0.00,No,None,Possible slight advance,Improving,Southeastern part of area older - poorly planned except North Todd which is good. Garden Street along R.R. has houses 50 years old poor to fair condition.  New street in - not shown on map about 30 houses on this street.
52,Ohio,Warren,C,"Slopes slightly north from Railroad, otherwise level and high from east to west.",1,0,1,"5 Churches - 2 schools, nearby stores along W. Markwet, Parkman and Mason Streets. Transportation by bus along both north and south boundaries.","Concentration of negroes and foreign at western extremity on Nevada, Oregon and McNyler Streets.  Commercial encroachment along W. Market and Summit Streets.",0,0,0,0,0,0,0,"Clerks, business, factory workers",1,1,0,0,0,0,0,1,0,0,1500,1500,Greek and Hungarian,20.00,Yes,3.00,"Greek, Negro, Hungarian",Negro,Downward,Declining,East of York Street nearly all American inhabitants
53,Ohio,Warren,C,Generally level with very slight slope toward river.,0,0,1,"West side Jr. High School Palmyra & Austin, 3 churches. Neighborhood stores along Market, Highland Avenue, Quinby Park.",Southeastern portion of the area characterized by foreign and negro.,0,0,0,0,0,0,0,"Factory workers, merchants and business men",1,0,0,0,0,0,0,1,0,0,1200,1200,"Polish, Italian and Hungarian",30.00,Yes,10.00,Mixed foreign,Foreigners,Static except in west extremity where possibly up.,Static,About 200 bungalows west of Austin.  Todd Avenue out of city limits (south) good prospects for favorable development.
54,Ohio,Warren,C,Level,0,0,1,"Roosevelt School, 1 grade. Not far to factories, General Motors Plant, Ohio Lamp Factory, etc.",NA,0,0,0,0,0,0,0,Laborers - factory workers,0,0,0,0,0,0,0,1,0,0,950,950,Mixed,75.00,Yes,5.00,-,NA,Static,Static,"Good transportation, close to factories, school and churches, also Fire Station in area,"
55,Ohio,Warren,C,Level,0,0,1,Schools in area.  Close to High School in B-4 area. Adjacent to factories (for those who work in factories).,Adjacent to Railroad factories,0,0,0,0,0,0,1,Factory workers & wage earners,0,0,0,0,0,0,0,1,0,0,1500,1500,Yes,60.00,None,0.00,No,None,Slow downward,Declining,"Foreigners likely to invade this area.  Home Savings & Loan Companies of Youngstown, also Trumbull, had about 50 foreigners in this area which were offered for sale in October 1936.  All closed out now.  Prices average 3500, the amount of the mortgage."
56,Ohio,Warren,C,Level,0,0,1,"Factories near northeast section of this area. Restrictions - zoning residential.  School, some churches.  Stores adjacent on Niles Road & Youngstown Road.",NA,0,0,0,0,0,0,0,Mill workers,0,0,0,0,0,0,0,1,0,0,1500,1500,Mixed,85.00,Yes,5.00,No,None,Slowly downward,Declining,"Section is ""killed"" by influx of negroes from D-3 to attend Francis Wilard School in C-8."
57,Ohio,Warren,D,Flat - lowest built up section of city,0,0,1,"Close to mill.  Business center available. Schools near, within walking distance of shopping center.","Concentration of disorderly houses along Fulton Street. Heavy paving assessment on Fulton Street, So. Park Ave., Walnut Street.  Low grade population.",0,0,0,0,0,0,0,Laborers,0,0,0,0,0,0,0,1,0,0,850,850,Mixed,10.00,Yes,90.00,No,None,Static,Static,"Rent decline due to improvidence of occupants.  All work in Republic Steel, about 3 blocks away from the area."
58,Ohio,Warren,D,Flat,0,0,1,Near Republic Streel Mill.  Neighborhood stores.,"Old property - Overflow at times of high water, no schools.",0,0,0,0,0,0,0,NA,0,0,0,0,0,0,0,0,0,0,700,700,Mixed,10.00,Yes,90.00,NA,NA,Static,Static,"Not quite as good as D-1, 20% lower rentals, 50% lower sales values.  City dump adjacent to the property on west.  Dump between Hayden and Steele Sts."
59,Ohio,Warren,D,Flat but high enough to secure from floods.,1,0,1,Air Reduction Sales Company.  Chicago Car Roofing Co. One Steel Mill also in area.  School but no churches. Bus transportation,B&O Railroad & Erie R.R. pass through area.  Some streets unimproved.,0,0,0,0,0,0,1,Factory workers,0,0,0,0,0,0,0,1,0,0,850,850,Mixed,65.00,Yes,20.00,No,None,Static,Static,Section was built arund old Western Reserve Steel Mill. This mill is gone now.  This section probably worst in the city.
60,Ohio,Warren,D,Level,0,0,1,"Proximity to Packard, Sunlight, Warren City Tank & Boiler Co. Grinnell Company, Youngstown Pressed Steel etc.",Very bad planning and poorly built homes.,0,0,0,0,0,0,0,Low grade factory workers,0,0,0,0,0,0,0,1,0,0,800,800,Yes,70.00,Yes,30.00,No,None,Static,Static,Warren City Tank & Boiler Company has office south central section of this area.  Loan commitments about 20% of appraisals here.  Area has slight tendency to increase of colored population.
61,Pennsylvania,Altoona,D,Level,0,0,1,"The most desirable section of Altoona in point of location, class of people, homogeneity of development and freedom from objectionable influences. Good transportation and schools.",None except heavy traffic on Union Ave.,0,0,0,0,0,0,0,Executives & Professional Men,1,0,1,0,0,0,0,0,0,0,$4500 & up,4500,None,0.00,None,0.00,Desirables,Desirable,Upward,Improving,Only 2 sales in past five years have been made in this section. This section is a good first grade neighborhood well protected against undesireable encroachment. Houses are built on large lots and set well back from the street.
62,Pennsylvania,Altoona,A,Level,0,0,1,"Very desirable residential, well located and well planned, character of this area is good. Good transportation and schools.",Heavy traffic on Union Ave. through the section.,0,0,0,0,0,0,0,Local business men Professional men.,1,0,1,0,0,0,0,0,0,0,"4000-18,000",11000,None,0.00,None,0.00,Desirable,Desirable,Static to slightly upward,Improving,"This section is similar in general character to section A-1, although somewhat older and more extensively developed. Additional building will ensue in this neighborhood as general economic conditions improve."
63,Pennsylvania,Altoona,B,Level,0,0,1,Quiet and clean neighborhood of good character with desirable housing. Homogeneous as to development on fair size lots. Good transportation and schools.,None except distance to center of city.,1,0,0,0,0,0,0,"White collar class, local businessmen",1,0,0,0,0,0,1,0,0,0,"3000-10,000",6500,None,0.00,None,0.00,Desirable,Desirable,Static,Static,This is a good second grade section which is well protected against undesirable encroachment. Mortgage money would certainly be available on favorable terms if the local institutions were in a position to loan. This neighborhood is distinctly suburban in character with houses fairly well spaced.
64,Pennsylvania,Altoona,B,Rolling and level,0,1,1,Section enjoys a very good reputation. Desirable and well planned area of good houses on good sized lots. Good transportation & Schools.,Nominal,0,0,0,0,0,0,0,Executives & Professional Men,1,0,1,0,0,0,0,0,0,0,3000 & up,3000,None,0.00,None,0.00,Desirable,Desirable,Static,Static,"In point of desirability this is a first grade section, but in view of age and general appearance of the housing the section rates only good second grade. Area enjoys a good reputation and is similar in general character to section A-1, but ground values are lower and the housing is not kept in as fine condition. A foreign section backs up to Ruskin Ave. properties, but is reputed to have little affect on this neighborhood."
65,Pennsylvania,Altoona,B,Rolling,0,1,0,A desirable area of modest homes in a clean and quiet neighborhood. Section enjoys good character. Convenient to two new factories along RR tracks.,Poor transportation and schools at lower end.,0,0,0,1,0,0,0,Business & Professional men Few RR Trainmen,1,0,1,0,0,0,0,0,1,0,1800-4500,3150,None,0.00,None,0.00,Desirable,Desirable,Static,Static,Upper end of the section is better. Executives of two new factories (Glass plant & silk mill) are locating in this section. Houses are substantially build and well spaced.
66,Pennsylvania,Altoona,B,Level,0,0,1,Good transportation and schools. Near center of city. Desirable section with good reputation.,Obsolescance - changing neighborhood. Small lots.,0,0,0,0,0,0,0,Business & professional Men,1,0,1,0,0,0,0,0,0,0,"1600-18,000",9800,None,0.00,None,0.00,None,None,Downward slowly,Declining,An old section of Altonna which continues to enjoy a good reputation. Some converted houses in the area. Cheaper units are distress property. Financing through F. H. A. is not available because of small lots. Many old families still residing in orginial houses. A fair to poor second grade section which has retained its residential desirability.
67,Pennsylvania,Altoona,B,Level,0,0,1,Good transprotation and schools. Good reputation of area. Substantial neighborhood.,Nominal,0,0,0,0,0,0,0,RR trainmen-Business and Professional men,1,0,1,0,0,0,0,0,1,0,1800-5000,3400,None,0.00,None,0.00,Desirables,Desirable,Slightly upward,Improving,Few foreclosures with few distress sales which helped hold up prices. Some reconditioning is improving neighborhood. Favorably affected by proximity to section A-2.
68,Pennsylvania,Altoona,B,Slightly rolling,0,1,0,Quiet and clean suburban development of good character. Houses are substantially built on good sized lots. Good transportation.,No shopping center. Distance to schools.,0,0,1,0,0,0,0,"White collar class, Professional Men.",0,0,1,0,0,0,1,0,0,0,"3500-10,000",6750,None,0.00,None,0.00,Desirables,Desirable,Slightly upward,Improving,This was a promotional development by a local operator who sold the lots to young business men of Altoona. The section has held up rather well and is considered a very desirable neighborhood. Heavy foreclosures in this area.
69,Pennsylvania,Altoona,B,Slightly rolling,0,1,0,"Good transportation - Near school, clean and quiet neighborhood.",Crossing of high speed throughfare to grade school. Distance from center of city,1,0,1,0,0,0,0,RR trainmen & shopmen,0,0,0,0,0,0,0,0,1,0,1200-2500,1850,None,0.00,None,0.00,None,None,Static,Static,Entire area was developed by an operation builder. The section is a very desirable residential area for shopmen in R.R. repair plants. This is a modest neighborhood of fair housing.
70,Pennsylvania,Aspinwall Sub-Pittsburgh,A,Rolling territory,0,1,0,Exclusive neighborhood,None except distance to city,1,0,0,0,0,0,0,Executives & professional,1,0,1,0,0,0,0,0,0,0,"$5,000 & over",5000,None,0.00,None,0.00,desirables,Desirable,Upward,Improving,"The area is asristocractic. Pride of ownership is very good. All construction for specific individuals, no operative building."
71,Pennsylvania,Erie,A,Level,0,0,1,Desirable restricted residential area of high class homes - good transportation and schools,Nominal,0,0,0,0,0,0,0,Executives - Professional men,1,0,1,0,0,0,0,0,0,0,3000 and up,3000,None,0.00,None,0.00,Desirables,Desirable,Static to slightly upward,Improving,"The majority of the homes are priced under $15,000. Considerable rivalry exists between this section and section A-3 and A-4 for choicest development."
72,Pennsylvania,Erie,A,Level,0,0,1,Good transportation and schools - restricted section of modest character.,Nominal,0,0,0,0,0,0,0,White-collar class,0,0,0,0,0,0,1,0,0,0,2500 to 5000,3750,None,0.00,None,0.00,Desirables,Desirable,Static,Static,"Property values taper off as they recede from the lake shore. Lincoln Ave. is a very old street but very desirable with homes up to 40 years of age.  One man owns and controls a large percent of the properties in this section.  On Maryland, south of Superior Ave. Shenley and Beverly Streets are new modern brick and frame cottages not quite up to the standard of the balance of the section."
73,Pennsylvania,Erie,A,Rolling,0,1,0,Near schools - Homogeneous development of good character.  Restricted section well-planned with good elevation.,Nominal,0,0,0,0,0,0,0,Executives - Professional men,1,0,1,0,0,0,0,0,0,0,2500 and up,2500,None,0.00,None,0.00,Desirables,Desirable,Slightly upward,Improving,Continued building activity may be anticipated in this section - probably the most active of any area in Erie.
74,Pennsylvania,Erie,A,Rolling,0,1,0,Restricted residential section of fairly new houses of good character.  Near park.  Good view.,Not convenient to schools.,0,0,0,0,0,0,0,Executives - Professional men,1,0,1,0,0,0,0,0,0,0,3000 and over,3000,None,0.00,None,0.00,Desirables,Desirable,Slightly upward,Improving,NA
75,Pennsylvania,Erie,B,"A summer cottage development primarily with some few very good homes interspersed through the area.  Some concentration of houses is centered along West Lake Road and West 12th Street.  Development will be slow because of the location, although for summer cottages some activity may be anticipated.  The vacant ground not presently built on is being farmed.  Area is outside the city limits of Erie.  Mortgage funds in the area are limited as to type of structure and very little high-class construction of a permanent home nature is anticipated",1,0,0,NA,NA,0,0,0,0,0,0,0,NA,0,0,0,0,0,0,0,0,0,0,NA,NA,NA,NA,NA,NA,NA,NA,NA,NA,NA
76,Pennsylvania,Erie,B,"A sparsely settled section with few houses scattered throughout.  The majority of the housing is concentrated along 26th Street.  The balance of the section, although surveyed, is practically all being farmed at present.  Development will be very slow, but of fair character when such happens.  Section is outside the city limits of Erie.",0,0,0,NA,NA,0,0,0,0,0,0,0,NA,0,0,0,0,0,0,0,0,0,0,NA,NA,NA,NA,NA,NA,NA,NA,NA,NA,NA
77,Pennsylvania,Erie,B,Level,0,0,1,Good transportation and schools - Close to an industrial section nearby within walking distance.,Nominal,0,0,0,0,0,0,0,White-collar class skilled labor,0,0,0,0,0,0,1,1,0,0,1500 - 4000,2750,None,0.00,None,0.00,None,None,Static,Static,Favorably affected by proximity to sections A-1 and A-2.
78,Pennsylvania,Erie,B,Level,0,0,1,Central location - only good downtown residential section,Somewhat old - heavy traffic through section,0,0,0,0,0,0,0,White-collar class skilled labor,0,0,0,0,0,0,1,1,0,0,1500 and up,1500,None,0.00,None,0.00,None,None,Static,Static,Considerable business of small nature scattered throughout section.  Many wealthy people are moving out.  Section is very spotty but retains its desirability as a residential area.  Many good modern apartments in this section.  Graded second grade principally because of location and stable demand for property.  6th and 10th were originally developed with very high grade homes which are still in excellent condition.
79,Pennsylvania,Erie,B,Level,0,0,1,Good schools and transportation - convenient to shopping area.,Inflex of foreign element,0,0,0,0,0,0,0,Skilled labor - white-collar class,0,0,0,0,0,0,1,1,0,0,1000 - 5000,3000,Italian,5.00,None,0.00,Amer. Born foreign,Foreigners,Slightly downward,Declining,Section is somewhat spotty with many original owners still living in section.  Sales are poor but have improved since early 1937.
80,Pennsylvania,Erie,B,Level,0,0,1,Good schools and transportation,Some business encroachment on 26th Street.,0,0,0,1,0,0,0,White-collar class skilled labor,0,0,0,0,0,0,1,1,0,0,1000 - 5000,3000,None,0.00,None,0.00,Desirables,Desirable,Static,Static,"Property south of 26th Street is considered to be more desirable than that on the north.  There is considerable business on the dividing street.  Hazel and Maple Streets are not good with foreign coming in.  From Myrtle Street to Peach Street south of 26th, properties are below par of the section."
81,Pennsylvania,Erie,B,Rolling,0,1,0,Desirable residential section with good elevation.,Schools are lacking and children must pay tuition in city schools or commute to county schools.,0,0,0,0,0,0,0,White-collar class,0,0,0,0,0,0,1,0,0,0,2500 and up,2500,None,0.00,None,0.00,None,None,Slightly upward,Improving,Section is building up slowly with fairly good houses.
82,Pennsylvania,Pittsburgh,A,Fairly level on top of hill,0,1,1,Fairly new section well located - near park. Good elevation.,Nominal,0,0,0,0,0,0,0,Executive - Professional men,1,0,1,0,0,0,0,0,0,0,"5,000 & over",5000,None,0.00,None,0.00,Desirable,Desirable,Static to upward,Improving,A small section of good character well protected from encroachment.
83,Pennsylvania,Pittsburgh - Regent Square,A,Level,0,0,1,Homogenous development of good character. Fairly good transportation. Sections overlook Frick Park.,None except distance to commerical section.,0,0,0,0,0,0,0,White collar class,0,0,0,0,0,0,1,0,0,0,2400-5000,3700,None,0.00,None,0.00,Desirables,Desirable,Static,Static,This is only a fair 1st grade section
84,Pennsylvania,Pittsburgh - Squirrel Hill,A,Rolling - somewhat level in spots,0,1,1,Highly desirable residential area - Good transportation and shopping center. Good elevation.,Nominal,0,0,0,0,0,0,0,Executives - Professional men,1,0,1,0,0,0,0,0,0,0,"5,000 & over",5000,None,0.00,None,0.00,Jewish threatening,Foreigners,Static to upward,Improving,"One of the best sections in city limits. Houses from $15,000 to $25,000 predominate. Section is threatened with Jewish encroachement from the south. Forbes St. frontage is expected to be zoned for apartments. "
85,Pennsylvania,Pittsburgh- Homewood,A,Level,0,0,1,Good transportation. Very good public and private schools. Well restricted. Zoned for best development.,Nominal,0,0,0,0,0,0,0,Executive - Professional Men,1,0,1,0,0,0,0,0,0,0,"5,000 & over",5000,None,0.00,None,0.00,desirables,Desirable,Static to slightly upward.,Improving,About 50% of this section is older houses and 50% fairly new. Very little room for expansion or new building except on divided estates.
86,Pennsylvania,Pittsburgh-Highland Park Section,A,Level to hilly,0,1,1,Near Park. Good general character of people and structures.,Nominal,0,0,0,0,0,0,0,Executive-Professional men,1,0,1,0,0,0,0,0,0,0,"5,000 & over",5000,None,0.00,None,0.00,desirables,Desirable,Static,Static,Most of the rental units are duplexes. New building is on subdivided ground of large estates and older houses.
87,Pennsylvania,Pittsburgh-Shadyside,A,Level,0,0,1,Good transportation. Old but but well established and desirable residential section. Near civic center.,None except many old houses.,0,0,0,0,0,0,0,Executives-Professional men,1,0,1,0,0,0,0,0,0,0,"5,000 & over",5000,None,0.00,None,0.00,Desirables,Desirable,Static,Static,One of the few level sections in Pittsburgh. A very stable demand exists for property in this section. Large estates are being broken up and smaller units replacing very larg houses. Seciton is graded first grade because of activity and desirability of the area. Older houses at present are difficult to sell except where demolition is feasible and subdividing of ground profitable.
88,Pennsylvania,Sub-Pittsburgh Ben Avon Heights,A,Hilly - rolling territory on top of mound,0,1,0,Very desirable residential with high class populace,Steep descent. Only fair transportation,0,0,0,1,0,0,0,"Executives, professional",1,0,1,0,0,0,0,0,0,0,"$2500-10,000",6250,None,0.00,None,0.00,desirables,Desirable,improving,Improving,All new construction built for specific individuals. Large country club located here. Atmosphere in general very good.
89,Pennsylvania,Sub-Pittsburgh-Brentwood,A,Rolling,0,1,0,Fairly new desirable residential areas with suburban atmosphere. Good bus service,None except distance to commercial area.,0,1,0,0,0,0,0,Business men upper middle class,1,0,0,0,0,0,0,0,0,0,"4000-10,000",7000,None,0.00,None,0.00,Desirables,Desirable,Upward,Improving,Activity only started in past 15 months. Principally F.H.A financing on new construction.
90,Pennsylvania,Sub-Pittsburgh-Edgeworth,A,Level,0,0,1,High social standard - Desirable better class housing. Good train & bus service.,None,0,0,0,0,0,0,0,Executives and Professional,1,0,1,0,0,0,0,0,0,0,5000 & over,5000,None,0.00,None,0.00,None,None,Static,Static,Some of Pittsburgh wealthier people own homes in this section.
91,Pennsylvania,Sub-Pittsburgh-Mt. Lebanon,A,Rolling to hilly,0,1,0,Homogenous development of good character. Good transportation. Very desirable residential section.,"Same danger of mine cave causing houses to sag, particularly on the hill sides. ",0,0,0,0,0,0,0,Executives-&-Professional Men,1,0,1,0,0,0,0,0,0,0,3000 & up,3000,None,0.00,None,0.00,Desirables,Desirable,Static to upward,Improving,Recent letting of contract to pave Banksville road will add another outlet for heavy traffic into this area. The foreclosures were very heavy throughout Mt. Lebanon. About 80% of the homes were mortgaged in 1934.
92,Pennsylvania,Westminster - Sub. Erie,B,"A section well outside the city limits which was well planned and well laid out.  Only three or four houses have been built to date, but the section appears to be of fairly good grade.  Development will necessarily be slow because of the distance to the city.  Mortgage financing should be conservative.",0,0,0,NA,NA,0,0,0,0,0,0,0,NA,0,0,0,0,0,0,0,0,0,0,NA,NA,NA,NA,NA,NA,NA,NA,NA,NA,NA
93,Pennsylvannia,Erie,B,Level to rolling in western end,0,1,1,Good transportation-schools-churches,Possible encroachment from section C-12,0,0,0,0,0,0,0,White-collar class-skilled labor,0,0,0,0,0,0,1,1,0,0,$1000-4000,2500,Nominal,NA,None,0.00,None,None,Static,Static,NA
94,Pennsylvannia,Erie,B,Level to rolling,0,1,1,Good transportation-schools-churches.Desirable residential section of good character,Nominal,0,0,0,0,0,0,0,White-collar class,0,0,0,0,0,0,1,0,0,0,$1200-5000,3100,None,0.00,None,0.00,None,None,Static,Static,Considered a high class medium-priced neighborhood which is favorably affected by adjacent Glen-wood Park section.
95,Pennsylvannia,Erie,B,Level,0,0,1,Good location-good transportation- only new northeast side resedential section- convenient to east side plants- homogeneous high class development,Nominal,0,0,0,0,0,0,0,White-collar class-skilled mechanics,0,0,0,1,0,0,1,0,0,0,$1800-4000,2900,None,0.00,None,0.00,None,None,Static to slightly upward,Improving,properties fronting on the lake are very good
96,Virginia,Roanoke,D,Rolling / Called Northeast and Northwest,0,1,0,N/A,NA,0,0,0,0,0,0,0,labor,0,0,0,0,0,0,0,1,0,0,$600 ,600,None,0.00,yes,80.00,No,None,hazardous,hazardous,NA
97,Virginia,Roanoke,D,Rolling / Called Williamson Groves & East Gate,0,1,0,NA,NA,0,0,0,0,0,0,0,labor,0,0,0,0,0,0,0,1,0,0,$800 ,800,Yes,5.00,yes,5.00,none,None,hazardous,hazardous,NA
98,Virginia,Roanoke,D,Rolling,0,1,0,NA,NA,0,0,0,0,0,0,0,labor,0,0,0,0,0,0,0,1,0,0,$600 ,600,Yes,5.00,yes,5.00,none,None,hazardous,hazardous,NA
99,Virginia,Roanoke,D,Flat / Called Riverland Farms,0,0,1,NA,NA,0,0,0,0,0,0,0,labor,0,0,0,0,0,0,0,1,0,0,"$1,500 ",1500,None,0.00,NA,0.00,few,Foreigners,hazardous,hazardous,Local predjudice against this area. Cheap construction. Unsuccessful attempt at suburban development.
100,Virginia,Roanoke,D,Called Conehurst and Edgewood / Unsuccessful developments.,0,0,0,NA,NA,0,0,0,0,0,0,0,labor,0,0,0,0,0,0,0,1,0,0,$700 ,700,NA,NA,NA,NA,NA,NA,NA,NA,NA
101,Virginia,Roanoke,A,Rolling steeply - Edge Hill / Outside the city limits,0,1,0,NA,NA,0,0,0,0,0,0,0,Best people,0,0,0,0,0,0,1,0,0,0,"$6,000 ",6000,None,0.00,None,0.00,None,None,Probably upward,Improving,NA
102,Virginia,Roanoke,A,Rolling steeply. Called Prospect Hill - Outside the city limits.,0,1,0,NA,NA,0,0,0,0,0,0,0,Best people,0,0,0,0,0,0,1,0,0,0,"$6,000 ",6000,None,0.00,None,0.00,none,None,Probably upward,Improving,NA
103,Virginia,Roanoke,A,Rolling / Outside the city limits.,0,1,0,Na,NA,0,0,0,0,0,0,0,Best people,0,0,0,0,0,0,1,0,0,0,"$6,000 ",6000,None,0.00,None,0.00,none,None,Probably upward,Improving,NA
104,Virginia,Roanoke,A,Rolling Steeply. / Outside the city limits.,0,1,0,Na,NA,0,0,0,0,0,0,0,Best people,0,0,0,0,0,0,1,0,0,0,"$6,000 ",6000,None,0.00,None,0.00,none,None,Probably upward,Improving,NA
105,Virginia,Roanoke,B,Level. / Best part Williamson Road section / This is outside the city limits,0,0,1,NA,NA,0,0,0,0,0,0,0,Foremen & white collar,0,0,0,0,0,0,1,0,0,0,"$2,000 ",2000,None,0.00,None,0.00,none,None,Still desireable,Static,"A large percentage of current building is going on here at about $4,000-4,200 single family, brick veneer, hot water neat."
106,Virginia,Roanoke,B,Rolling - called Raleigh Court,0,1,0,NA,NA,0,0,0,0,0,0,0,Business men & white collar,1,0,0,0,0,0,1,0,0,0,"$3,600 ",3600,None,0.00,None,0.00,none,None,still desireable,Static,Still desireable for 5 years. Residents would rather be in B-3 and A-1-2-3 or 4.
107,Virginia,Roanoke,B,South Roanoke - rolling,0,1,0,NA,NA,0,0,0,0,0,0,0,business men,1,0,0,0,0,0,0,0,0,0,"4,000",4000,None,0.00,None,0.00,none,None,Still desirable,Static,"Roanoke is R.H. center. A large area is bothered with train, noise and smoke. This section is free of this and several degrees cooler in summer months than other parts of the city. Along Broadway and along First Street, Second Street, and Third Street Broadway to Carolina and along Wellington Avenue, N & W R.R. to Third St. the property is older and generally in poorer condition than the balance of the area. Property on above mentioned streets is 3rd grade."
108,Virginia,Roanoke,C,Rolling,0,1,0,Villa Heights and Grove Park and Rugby. The western tip is shown to be beyond the city limits.,NA,0,0,0,0,0,0,0,Clerks and Trainmen,0,1,0,0,0,0,0,0,1,0,"1,800",1800,None,0.00,None,0.00,less desirable,Poorer Classes,declining,Declining,Approach through negro and poor white sections. Tendency or desire of occupants is to move toward B-1.
109,Virginia,Roanoke,C,Rolling,0,1,0,Williamson Road. Outside the city limits.,NA,0,0,0,0,0,0,0,"Clerks, mechanics, shopmen",0,1,0,1,0,0,0,0,0,0,"1,500",1500,Yes,8.00,None,0.00,none,None,declining,Declining,Approach through negro section. Borderson undesirable section. Unsuccessful development. Outlook unfavorable because of local prejudice against foreign born and heavy traffic over arterial highway.
110,Virginia,Roanoke,C,Rolling,0,1,0,Williamson Road. Outside the city limits.,NA,0,0,0,0,0,0,0,"Clerks, mechanics, shopmen",0,1,0,1,0,0,0,0,0,0,"1,500",1500,Yes,2.00,None,0.00,none,None,declining,Declining,Approach through negro section. Borderson undesirable section. Unsuccessful development. Outlook unfavorable because of local prejudice against foreign born and heavy traffic over arterial highway.
111,Virginia,Salem,B,Flat,0,0,1,New building,NA,0,0,0,0,0,0,0,Best people,0,0,0,0,0,0,1,0,0,0,"$3,000 ",3000,None,0.00,None,0.00,none,None,Upward,Improving,NA
112,Virginia,Salem,B,Rolling,0,1,0,NA,NA,0,0,0,0,0,0,0,white collar,0,0,0,0,0,0,1,0,0,0,"$2,500 ",2500,None,0.00,NA,0.00,none,None,static,Static,NA
113,Virginia,Salem,C,Flat,0,0,1,NA,NA,0,0,0,0,0,0,0,Clerks and foremen,0,1,0,0,0,0,0,0,0,0,"$2,000 ",2000,None,0.00,NA,NA,none,None,declining,Declining,NA
114,Virginia,Salem,D,Flat,0,0,1,NA,NA,0,0,0,0,0,0,0,wWorking men,0,0,0,0,0,0,0,0,0,0,"$1,100 ",1100,None,0.00,Yes,20.00,none,None,hazardous,hazardous,NA
115,Virginia,Vinton,D,City of Vinton,0,0,0,Labor from the N & W R.R. shops and VA.Bridge Plant,NA,0,0,0,0,0,0,0,labor,0,0,0,0,0,0,0,1,0,0,$900 ,900,Yes,5.00,Yes,25.00,none,None,hazardous,hazardous,NA
116,Maryland,Baltimore,A,Rolling,0,1,0,Fairly new suburban area of homogeneous character. Well planned development. Fairly close to city shopping area. Near Parks. Near Schools.,None,0,0,0,0,0,0,0,Substantial Middle Class,0,0,0,0,0,0,0,0,0,0,"$3000 - 5,000",4000,None,0.00,None,0.00,None,None,Upward,Improving,"A recent development with much room for expansion directly to the north. Ground Rent $90-$120. Average $110. Much of this property has been built in past five years, especially on northern edge. Valuation changes do not include these properties."
117,Maryland,Baltimore,A,Undulating,0,1,0,Very nicely planned residential area of medium to large homes. Direct transportation to center of city is good. Close to business area on Greenmount Ave.,None,0,0,0,0,0,0,0,"Executives, Professional Men",1,0,1,0,0,0,0,0,0,0,over $5000,5000,None,0.00,None,0.00,None,None,Upward,Improving,"Mostly fee properties. A few homes valued at $10,000 to 15 000 along Homeland Avenue with Ground Rent up to $150"
118,Maryland,Baltimore,A,Rolling,0,1,0,Good residential area. Well planned.,Distance to City,1,0,0,0,0,0,0,"Executives, Professional Men",1,0,1,0,0,0,0,0,0,0,3500 - 7000,5250,None,0.00,None,0.00,None,None,Upward,Improving,"Principally fee property. This section lies in Baltimore County outside Baltimore City. Originally developed as expensive section, but recent houses have been lower priced, thus holding down values in higher priced units. "
119,Maryland,Baltimore,A,Level,0,0,1,Well planned development of fairly,None,0,0,0,0,0,0,0,Professional and Executives,1,0,1,0,0,0,0,0,0,0,over $5000,5000,None,0.00,None,0.00,None,None,Upward,Improving,All fee property
120,Maryland,Baltimore,A,Undulating,0,1,0,"Desirable residential section. Good quality, medium priced section.",None,0,0,0,0,0,0,0,"Executives, Professional Men",1,0,1,0,0,0,0,0,0,0,"$3,500 - $10,000",6750,None,0.00,None,0.00,None,None,Upward,Improving,Merridale only recently developed. Prices do not include Merridale. Principally fee property. Part of the section is outside Baltimore city limits.
121,Maryland,Baltimore - Northwood,A,Rolling,0,1,0,To be developed as high grade development,NA,0,0,0,0,0,0,0,NA,0,0,0,0,0,0,0,0,0,0,NA,NA,NA,NA,NA,NA,NA,NA,NA,NA,Owned and controlled by the Roland Park Company. Developers apparently intend to keep the section comparable to Guilford. All fee property.
122,Maryland,Baltimore,B,Rolling to hilly,0,1,0,Desirable old residential section. Principally large homes and well restricted,No.,0,0,0,0,0,0,0,"Executives, Professional Men",1,0,1,0,0,0,0,0,0,0,over $4000,4000,None,0.00,None,0.00,No,None,Static,Static,"This section was completely built up in 1921. All fee properties. Houses are hard to sell in this section, but character of area is good. "
123,Maryland,Baltimore,B,Rolling to hilly,0,1,0,"Restricted, desirable residential section of moderately large houses on large lots. A wooded section of good character.",None,0,0,0,0,0,0,0,"Executives, Professional Men",1,0,1,0,0,0,0,0,0,0,over $5000,5000,None,0.00,None,0.00,None,None,Static to upward,Improving,Principally fee property.
124,Maryland,Baltimore,B,High level,1,0,1,Good residential section of fast moving property.,Few streets of property in poor condition,0,0,0,0,0,0,0,Business Men,1,0,0,0,0,0,0,0,0,0,$3000 and up,3000,None,0.00,None,0.00,No,None,Static to upward,Improving,Section is very spotty with poor houses lying on low ground. Most of new development is on western edge. Ground rents are either $90 or $120
125,Maryland,Baltimore,B,Rolling to level,0,1,1,Good suburban residential area of modest homes. A desirable section of good character.,None,0,0,0,0,0,0,0,Business people,1,0,0,0,0,0,0,0,0,0,$2500 to $4000,3250,Small,NA,None,0.00,NA,NA,Static to upward,Improving,Ground rent range $90 to $120. Part of the section is outside Baltimore City limits
126,Maryland,Baltimore,B,Undulating,0,1,0,Good residential section of homogeneous character.,None,0,0,0,0,0,0,0,White collar class,0,0,0,0,0,0,1,0,0,0,$2500 to $3500,3000,Very few,NA,None,0.00,No,None,Static,Static,Ground rents $90 to $120. Principally $90.
127,Maryland,Baltimore,B,Rolling,0,1,0,Near Druid Hill Park. Close to center of city.,Built on filled ground.,0,0,0,0,0,0,0,White collar class,0,0,0,0,0,0,1,0,0,0,"$3,000 ",3000,None,0.00,None,0.00,None,None,Static to upward,Improving,Three story houses on Reisterstown Road are 25 years old. Ground Rents $90 to $120. Predominating $96
128,Maryland,Baltimore,B,High level,1,0,1,Stable residential section of modest homes.,None,0,0,0,0,0,0,0,Mechanics,0,0,0,1,0,0,0,0,0,0,$2000 to $2500,2250,None,0.00,None,0.00,None,None,Static,Static,Ground rents $60 to $90. Predominating $84. Fair valuation
129,Maryland,Baltimore,B,Rolling,0,1,0,Good residential area holding up in value,None,0,0,0,0,0,0,0,Middle class,0,0,0,0,0,0,0,0,0,0,$2500 to $3500,3000,None,0.00,None,0.00,None,None,Static to upward,Improving,Ground rents $72 to $120. Ground rents in Cedarcroft are principally $120
130,Maryland,Baltimore - Metropolitan Area,B,Undulating,0,1,0,Fairly good residential section with all conveniences.,Distance to center of city,1,0,0,0,0,0,0,Middle class,0,0,0,0,0,0,0,0,0,0,$2500 to $3500,3000,None,0.00,None,0.00,None,None,Static,Static,"This section lies in Baltimore County just outside of Baltimore City. Ground rent $90 to $120. Principally $90. New houses are up to $10,000"
131,Maryland,Baltimore,B,Rolling high,1,1,0,"Desirable residential section, homogeneous as to development and general type of construction. Free of bad features. Substantial class of people.",None,0,0,0,0,0,0,0,Skilled mechanics and Junior Executives,1,0,0,1,0,0,0,0,0,0,$2000 to $4000,3000,Mixture,NA,None,0.00,People from C-1,Poorer Classes,Static to upward,Improving,Considered the best lending section in the city. Ground rent $75 to $120. Averaging $95
132,Maryland,Baltimore,B,Rolling,0,1,0,Homogeneous development. Near to parks. Transportation is good. All modest homes in good demand.,None,0,0,0,0,0,0,0,White collar class,0,0,0,0,0,0,1,0,0,0,$2000 to $3000,2500,None,0.00,None,0.00,None,None,Upward,Improving,Ground rents range from $72 to $95. Predominating $72.
133,Maryland,Baltimore - Dundalk,B,Flat,0,0,1,Near to Sparrows Point. Desirable residential section.,Distances to commercial area. Narrow streets.,0,1,0,0,0,0,1,Officers of Plants (industrial),1,0,0,0,0,0,0,0,0,0,"$2,500 ",2500,Few,NA,None,0.00,None,None,Upward if steel mills operate,Improving,Very few Ground Rents in Dundalk. This section was developed for officers of Bethlehem Steel Company at Sparrows Point.
134,Maryland,Baltimore,B,Level,0,0,1,Quiet suburban section of homogeneous character,No,0,0,0,0,0,0,0,White collar class,0,0,0,0,0,0,1,0,0,0,$3000 and up,3000,None,0.00,Yes,20.00,No,None,Static to upward,Improving,Principally fee property. Few ground rents $120
135,Maryland,Baltimore - Metropolitan,B,NA,0,0,0,Outlying quiet suburban section.,None except distances to center of city.,1,0,0,0,0,0,0,Business men,1,0,0,0,0,0,0,0,0,0,$3000 to $4000,3500,None,0.00,None,0.00,No,None,Static to upward,Improving,"Outside Baltimore City limits. A few larger homes in Sudbrook Park up to $20,000. Principally fee properties. "
136,Maryland,Baltimore,B,High level,1,0,1,Stable old residential section of good character.,None,0,0,0,0,0,0,0,Business people,1,0,0,0,0,0,0,0,0,0,$3000 to $5000,4000,None,0.00,None,0.00,No,None,Static,Static,Many high-grade apartments are located along Charles and St. Paul streets. Ground rents range $90 to $150. Predominating $120
137,Maryland,Baltimore - Metropolitan,B,Level,0,0,1,Outlying quiet suburban section. County east of Baltimore County.,No,0,0,0,0,0,0,0,Business men,1,0,0,0,0,0,0,0,0,0,$2000 to $10000,6000,None,0.00,None,0.00,No,None,Static to upward,Improving,Principally fee property
138,Maryland,Baltimore,B,Rolling,0,1,0,Very high. Fairly new residential section of homogeneous development.,None,0,0,0,0,0,0,0,White collar class,0,0,0,0,0,0,1,0,0,0,$2000 to $3000,2500,None,0.00,None,0.00,No,None,Static to upward,Improving,Ground Rents range from $72 to $96. Predominating $90. A well developed and well planned section of modern homes.
139,Maryland,Baltimore - Sub. Burton,B,Rolling to hilly,0,1,0,Desirable residential section of very good character,Distance to center of city,1,0,0,0,0,0,0,White collar class,0,0,0,0,0,0,1,0,0,0,$3000 and up,3000,None,0.00,None,0.00,Desirable,Desirable,Static to possibly upward,Improving,Average held at $2000 to $2500 per acre. A sparsely settled area of high grade Americans. Fee properties.
140,Maryland,Baltimore - Sub. Mt. Washington Summit,B,NA,0,0,0,Suburban atmosphere. Desirable residential section,Distance to center of city,1,0,0,0,0,0,0,White collar class,0,0,0,0,0,0,1,0,0,0,$2000 to $4000,3000,None,0.00,None,0.00,Desirable,Desirable,NA,NA,A sparsely settled section of modest homes. Principally fee properties
141,Maryland,Baltimore - Sub. Villahove,B,Rolling,0,1,0,A fairly new development of single homes in desirable surroundings.,Distance to center of city,1,0,0,0,0,0,0,White collar class,0,0,0,0,0,0,1,0,0,0,NA,NA,NA,NA,NA,NA,NA,NA,NA,NA,This section has not taken the public's fancy and development appears to slow
142,Maryland,Baltimore - Sub. Colonial Park,B,NA,0,0,0,The natural section for expansion from Liberty Heights Ave development,NA,0,0,0,0,0,0,0,NA,0,0,0,0,0,0,0,0,0,0,NA,NA,NA,NA,NA,NA,NA,NA,NA,NA,"Still very sparsely settled, but may be expected to develop into good character."
143,Maryland,Baltimore - Sub. Linthicum Heights,B,NA,0,0,0,Desirable residential section of good character. Suburban atmosphere.,Distance to center of city,1,0,0,0,0,0,0,NA,0,0,0,0,0,0,0,0,0,0,NA,NA,NA,NA,NA,NA,NA,NA,NA,NA,NA
144,Maryland,Baltimore,C,Rolling,0,1,0,Close to commercial area. Fairly desirable residential section near parks.,Old style architecture. Heavy obsolescence,0,0,0,0,0,0,0,"Clerks, mechanics",0,1,0,1,0,0,0,0,0,0,$1500 to $2500,2000,None,0.00,Nominal,NA,No,None,Downward,Declining,Ground rents range from $50 to $50. Average $50. There is considerable business on main thoroughfares
145,Maryland,Baltimore,C,"High, level",1,0,1,Stable residential area of modest houses.,None,0,0,0,0,0,0,0,"Business men, clerks",1,1,0,0,0,0,0,0,0,0,$1500 to $3000,2250,Small,NA,None,0.00,none,None,Static,Static,Ground rent range $60 to $90. This section has a concentration of medium income Jewish families. Cottages are not selling very well.
146,Maryland,Baltimore,C,Level,0,0,1,Conversion value of location for business purposes. Commercial future.,Heavy traffic and disadvantage of commerce except as above,0,0,0,0,0,0,0,"White collar class, clerks",0,1,0,0,0,0,1,0,0,0,"$2,500 ",2500,None,0.00,None,0.00,None,None,"Downward as residential, upward for commerce","Residentially downwards, Commercially upwards",Ground rents $72 to $120. Average $90
147,Maryland,Baltimore,C,Rolling,0,1,0,Outlying residential section of small modest homes,Bad location. Principally poor transportation,0,0,0,1,0,0,0,"Clerks, mechanics",0,1,0,1,0,0,0,0,0,0,"$2,000 ",2000,None,0.00,None,0.00,NA,NA,Downward,Declining,"Ground rent range $72 to $90.  Predominating. The general reputation of this section is fair, but the section embraces some poorly constructed houses. "
148,Maryland,Baltimore,C,Rolling to hilly,0,1,0,None,Heavy traffic through section,0,0,0,0,0,0,0,"Mixture, laboring class",0,0,0,0,0,0,0,1,0,1,"$1,200 ",1200,Mixture,10.00,Yes,5.00,Poorer classes,Poorer Classes,Static,Static,Ground rents range $43 to $72. Average $60. Very spotty
149,Maryland,Baltimore,C,Rolling,0,1,0,Proximity to industrial plants.,NA,0,0,0,0,0,0,0,Industrial employees,0,0,0,0,0,0,0,0,0,0,"$1,200 ",1200,Mixture,11.00,Yes,2.00,Foreigners and Negros,Negro,Static,Static,Ground rents $30 to $75. Predominating $60
150,Maryland,Baltimore,C,Rolling,0,1,0,Old residential section of modest character in poor condition. Near Druid Hill Park.,Heavy obsolescence of property,0,0,0,0,0,0,0,"Skilled mechanics, clerks",0,1,0,1,0,0,0,0,0,0,"$1,800 ",1800,Mixture,20.00,None,0.00,Foreigners,Foreigners,Static to downward.,Declining,Ground rent range $42 to $90. Predominating $60 to $72. Not a very desirable area.
151,Maryland,Baltimore,C,NA,0,0,0,Fairly good residential section of modest homes,No,0,0,0,0,0,0,0,White collar class,0,0,0,0,0,0,1,0,0,0,"$2,500 ",2500,None,0.00,None,0.00,No,None,Static to upward,Improving,Ground rent range $72 to $95. Predominating $90
152,Maryland,Baltimore,C,Level to undulating,0,1,1,Proximity to Patterson Park. Near to industrial plants.,Substantial age and disadvantages of industry except as above,0,0,0,0,0,0,0,Skilled labor,0,0,0,0,0,0,0,1,0,0,"$1,500 ",1500,Mixture,NA,Yes,0.40,Negro and Italian,Negro,Static to downward.,Declining,This entire area is populated principally by persons of Polish extraction who have considerable pride of appearance of their property. Age of property necessitates the third grade. Ground rents in this area range from $42 to $72 and $42 to $48 predominates.
153,Maryland,Baltimore,C,Flat,0,0,1,"Near to employment, particularly Sparrows Point",Distance to center of city. Smoke and noise from factories lack of planning in developments.,1,0,0,0,0,0,0,Industrial workers,0,0,0,0,0,0,0,0,0,0,"$1,200 ",1200,Mixture,20.00,None,0.00,Foreigners,Foreigners,Static to downward.,Declining,Demand is expected to increase because of expansion at Sparrows Point. All fee properties. Portions of this section are outside city limits.
154,Maryland,Baltimore,C,High rolling,1,1,0,Fairly desirable residential area of rather old houses. Close to commercial area,Old style architecture,0,0,0,0,0,0,0,"Skilled mechanics, clerks",0,1,0,1,0,0,0,0,0,0,"$1,500 ",1500,Mixture,6.00,Yes,8.00,Negro,Negro,Static,Static,Ground rents range from $48 to $75 and average $60
155,Maryland,Baltimore,C,"High, level",1,0,1,Close to commercial area. Goucher college located in the section. Desirable location.,Industrial plants. Continuing obsolescence of old property,0,0,0,0,0,0,0,Mixture,0,0,0,0,0,0,0,0,0,1,"$2,000 ",2000,Mixture,5.00,None,0.00,No,None,Static,Static,Ground rents range from $75 to $150 and average. $90 to $110. Some of these properties are being converted into small apartment units and other are being used as boarding houses.
156,Maryland,Baltimore,C,"High, level",1,0,1,Proximity to Druid Hill Park.,Obsolescence and negro encroachment. Ground rents are very large,0,0,0,0,0,0,0,"Mixture, Jewish",0,0,0,0,0,0,0,0,0,1,"$2,500 ",2500,Mixture,3.00,Yes,10.00,Negro,Negro,Static,Static,Houses are being converted into apartment units. Many rooms in the area are rented and few houses are used for boarding purposes. Some fine old homes are still housing original owners and have considerable values as such. Ground rents range from $90 to $300 average $90 to $120. Too high.
157,Maryland,Baltimore,C,"High, level",1,0,1,Close to commercial area,Continuing obsolescence of old style houses.,0,0,0,0,0,0,0,"Mechanics, clerks",0,1,0,1,0,0,0,0,0,0,"$1,500 ",1500,Nominal,NA,None,0.00,No,None,Downward,Declining,"Ground rent $50 to $75 average $60. No immediate danger of negro encroachment, but there is a heavy concentration of Negros in the section adjoining. Section is somewhat spotty and has few ground rent up to $120"
158,Maryland,Baltimore - Sub.,C,NA,0,0,0,NA,A mediocre section of cheap construction,0,0,0,0,0,0,0,"Mechanics, clerks",0,1,0,1,0,0,0,0,0,0,$1500 to $2500,2000,NA,NA,NA,NA,NA,NA,NA,NA,Very sparsely settled section
159,Maryland,Baltimore - Sub. Catonsville Heights,C,NA,0,0,0,Fairly good location,Cheap construction,0,0,0,0,0,0,0,NA,0,0,0,0,0,0,0,0,0,0,NA,NA,NA,NA,NA,NA,NA,NA,NA,NA,The section never seemed to go over very well and is very sparsely settled
160,Maryland,Baltimore - Sub. Arbutus Terrace,C,Level,0,0,1,Fairly desirable section of modest houses,Distance to center of city,1,0,0,0,0,0,0,"Clerks, skilled mechanics",0,1,0,1,0,0,0,0,0,0,$1500 to $2500,2000,Nominal,NA,NA,NA,NA,NA,NA,NA,A rather presentable section of modest homes. Mostly fee property
161,Maryland,Baltimore - Sub. Holethorpe,C,High rolling,1,1,0,On Washington-Baltimore Pike,Loss of RR from the section,0,0,0,0,0,0,1,Skilled labor clerks,0,1,0,0,0,0,0,1,0,0,NA,NA,NA,NA,NA,NA,NA,NA,NA,NA,Some utilities are lacking . Principally fee property
162,Maryland,Baltimore - Sub. Lansdowne,C,NA,0,0,0,Suburban atmosphere,NA,0,0,0,0,0,0,0,Skilled labor clerks,0,1,0,0,0,0,0,1,0,0,$1000 to $2000,1500,NA,NA,NA,NA,NA,NA,NA,NA,A sparsely settled section of fair character. Principally fee property.
163,Maryland,Baltimore - Sub. Baltimore Highlands,C,NA,0,0,0,Similar in general character to Lansdowns (C-19),NA,0,0,0,0,0,0,0,NA,0,0,0,0,0,0,0,0,0,0,NA,NA,NA,NA,NA,NA,NA,NA,NA,NA,Principally fee property
164,Maryland,Baltimore - Sub. North Linthicum,C,NA,0,0,0,Similar in character to Lansdowne except further removed from the city limits.,NA,0,0,0,0,0,0,0,NA,0,0,0,0,0,0,0,0,0,0,NA,NA,NA,NA,NA,NA,NA,NA,NA,NA,Principally fee property
165,Maryland,Baltimore - Sub.,C,NA,0,0,0,Similar in character to Lansdowne (C-19),NA,0,0,0,0,0,0,0,NA,0,0,0,0,0,0,0,0,0,0,NA,NA,NA,NA,NA,NA,NA,NA,NA,NA,NA
166,Maryland,Baltimore,D,Level to undulating,0,1,1,"Proximity to employment, industrial and commercial. ",Heavy concentration of foreigners. Property is in very bad state of repair,0,0,0,0,0,0,0,Laborers,0,0,0,0,0,0,0,1,0,0,"$1,000 ",1000,Italian,25.00,Yes,25.00,Negro,Negro,Downward,Declining,Ground rents in this section range from $36 to $60. Average $42. Properties around Johns Hopkins Hospital are better than the average and have considerable desirability in housing hospital attendants and for commercial value. Ground rents on Broadway. Sales are very poor. Section east of Broadway is better. Southern section largely industry. Whole section is spotty.
167,Maryland,Baltimore,D,Undulating,0,1,0,Close to industrial employment.,Mixture of foreign born. Disadvantage of industry except as above.,0,0,0,0,0,0,0,Mixture,0,0,0,0,0,0,0,0,0,1,"$1,000 ",1000,Polish,30.00,Yes,2.00,None,None,Downward,Declining,Area become worse south of Eastern Avenue. Ground Rents range $36 to $60. Predominately $36 to $48. Mixture of small industrial plants. Properties are old but fairly well maintained.
168,Maryland,Baltimore,D,Rolling,0,1,0,Good transportation. Central location.,Obsolescence. Negro concentration. Excessive Ground Rents in many cases,0,0,0,0,0,0,0,Mixture,0,0,0,0,0,0,0,0,0,1,"$1,000 ",1000,Mixture,15.00,Yes,80.00,Negro,Negro,Downward,Declining,Ground rents range from $42 to $120. Predominating $60 and $75; considerable vandalism in this area. A few Ground Rents up to $200.
169,Maryland,Baltimore,D,"Low, level",0,0,1,Central location. Near employment.,Heavy obsolescence. Industrial encroachment.,0,0,0,0,0,0,0,Laborers,0,0,0,0,0,0,0,1,0,0,$700 to $1000,850,Mixture,80.00,Yes,20.00,"Negro, foreigners",Negro,Downward,Declining,Ground rents in this section range from $30 to $60 and average $40 to $42.
170,Maryland,Baltimore,D,Level,0,0,1,Near desirable properties.,Houses in very bad condition. Many alley properties. Area is run down.,0,0,0,0,0,0,0,Laborers,0,0,0,0,0,0,0,1,0,0,$700 to $1000,850,Mixture,35.00,Yes,35.00,Above,Positive Outlook,Downward,Declining,Ground rents range $30 to $60. Predominating $43 to $48. Vandalism in this section.
171,Maryland,Baltimore,D,Rolling,0,1,0,Central locations. Conversion to business.,Interspersed with b business. Entire ward zoned for commerce.,0,0,0,1,0,0,0,Mixture,0,0,0,0,0,0,0,0,0,1,NA,NA,Mixture,40.00,Yes,30.00,Negro,Negro,Downward,Declining,Valuations down do not include homes on Monument Square. A boarding house area with some very fine old homes still retaining considerable value around Mt. Vernon Place. Ground Rents range from $30 to $180. Ground rents on Mt. Vernon Place up to $216. Charles Street properties are the Central section includes some of the worst of some very good property.
172,Maryland,Baltimore,D,Level to undulating,0,1,1,Central location. Conversion value for business expansion,Heavy obsolescence of residential property. Business noises.,0,0,0,1,0,0,0,Mixture,0,0,0,0,0,0,0,0,0,1,NA,NA,Mixture,11.40,Yes,40.20,All lower classes,Poorer Classes,Residential downward; commercial upward,"Residentially downwards, Commercially upwards",Most of this section comprises the commercial area of the city. Houses are intermingled with businesses. Ground Rents range from $30 to $90. Average $60. Alley property is very bad.
